<application>
  <component name="FileTypeManager" version="19">
    <ignoreFiles list="*$py.class;*.pyc;*.pyo;*.rbc;*.yarb;*~;.DS_Store;.git;.hg;.mypy_cache;.pytest_cache;.ruff_cache;.svn;CVS;__pycache__;_svn;vssver.scc;vssver2.scc" />
    <extensionMap>
      <mapping ext="mht" type="HTML" />
      <mapping ext="plantuml" type="PlantUML file" />
      <removed_mapping ext="apk" approved="true" type="ARCHIVE" />
      <removed_mapping ext="asm" approved="true" type="PLAIN_TEXT" />
      <removed_mapping ext="markdown" approved="true" type="Markdown" />
      <removed_mapping ext="pdf" approved="true" type="Native" />
      <removed_mapping ext="psd" approved="true" type="Image" />
      <removed_mapping ext="s" approved="true" type="PLAIN_TEXT" />
      <removed_mapping pattern=".eslintignore" approved="true" type="PLAIN_TEXT" />
      <removed_mapping pattern=".gitmodules" approved="true" type="PLAIN_TEXT" />
      <removed_mapping pattern=".jshintignore" approved="true" type="PLAIN_TEXT" />
      <removed_mapping pattern=".node-version" approved="true" type="PLAIN_TEXT" />
      <removed_mapping pattern=".npmignore" approved="true" type="PLAIN_TEXT" />
      <removed_mapping pattern=".npmrc" approved="true" type="PLAIN_TEXT" />
      <removed_mapping pattern=".nvmrc" approved="true" type="PLAIN_TEXT" />
      <removed_mapping pattern=".stylelintignore" approved="true" type="PLAIN_TEXT" />
      <removed_mapping pattern=".yarnrc" approved="true" type="PLAIN_TEXT" />
      <removed_mapping pattern="123" approved="true" type="TypeScript" />
      <removed_mapping pattern="DockerfileTest" approved="true" type="PLAIN_TEXT" />
      <removed_mapping pattern="LOG_PATH_IS_UNDEFINEDLOG_FILE_IS_UNDEFINED" approved="true" type="PLAIN_TEXT" />
      <removed_mapping pattern="TwoSum.java" approved="true" type="PLAIN_TEXT" />
      <removed_mapping pattern="helloword" approved="true" type="PLAIN_TEXT" />
      <removed_mapping pattern="iostream.cc" approved="true" type="PLAIN_TEXT" />
      <mapping ext="gradle.kts" type="Kotlin" />
      <mapping ext="main.kts" type="Kotlin" />
      <mapping ext="space.kts" type="Kotlin" />
    </extensionMap>
  </component>
</application>