<application>
  <component name="Trusted.Paths">
    <option name="TRUSTED_PROJECT_PATHS">
      <map>
        <entry key="C:\Users\qing.tang\Downloads\ESearchProject" value="true" />
        <entry key="C:\Users\qing.tang\Downloads\ESearchProject_JY" value="true" />
        <entry key="C:\Users\qing.tang\Downloads\ESearchProject_RPO" value="true" />
        <entry key="D:\github\Hello-World" value="true" />
        <entry key="D:\github\NostalgiaForInfinity" value="true" />
        <entry key="D:\github\freqtrade" value="true" />
        <entry key="D:\github\freqtrade-strategies" value="true" />
        <entry key="D:\github\hummingbot" value="true" />
        <entry key="D:\github\my-projects" value="true" />
        <entry key="D:\github\technology" value="true" />
        <entry key="D:\work\51job-dev-boot" value="true" />
        <entry key="D:\work\auth-java" value="true" />
        <entry key="D:\work\demo" value="true" />
        <entry key="D:\work\ehire\ehirejava-ms-mixed" value="true" />
        <entry key="D:\work\ehire\ehirejava-resume" value="true" />
        <entry key="D:\work\ehirejava-ms-resumedetail" value="true" />
        <entry key="D:\work\ehireplus-domain-customer" value="true" />
        <entry key="D:\work\ehireplus-domain-talent" value="true" />
        <entry key="D:\work\ehireplus-gateway" value="true" />
        <entry key="D:\work\ehireplus-resume" value="true" />
        <entry key="D:\work\ehireplus-system" value="true" />
        <entry key="D:\work\ehireplus-talent" value="true" />
        <entry key="D:\work\ehireplus-workbench" value="true" />
        <entry key="D:\work\ehireplus\ehireplus-components" value="true" />
        <entry key="D:\work\ehireplus\ehireplus-domain-customer" value="true" />
        <entry key="D:\work\ehireplus\ehireplus-workbench" value="true" />
        <entry key="D:\work\ehireplus\jobs-ehireplus-atlas" value="true" />
        <entry key="D:\work\ehireplus\jobs-ehireplus-web" value="true" />
        <entry key="D:\work\elearning-ms-mall\elearning-ms-mall" value="true" />
        <entry key="D:\work\elearning\elearning-ms-authcenter" value="true" />
        <entry key="D:\work\elearning\elearning-ms-bff" value="true" />
        <entry key="D:\work\elearning\elearning-ms-login" value="true" />
        <entry key="D:\work\elearning\elearning-ms-mall" value="true" />
        <entry key="D:\work\elearning\elearning-ms-product" value="true" />
        <entry key="D:\work\elearning\elearning-ms-task" value="true" />
        <entry key="D:\work\elearning\elearning-ms-user" value="true" />
        <entry key="D:\work\elearning\elearningjava-backend" value="true" />
        <entry key="D:\work\gateway-java" value="true" />
        <entry key="D:\work\jobs-ehireplus-commercial" value="true" />
        <entry key="D:\work\jobs-ehireplus-components" value="true" />
        <entry key="D:\work\jobs-ehireplus-customer" value="true" />
        <entry key="D:\work\jobs-ehireplus-evaluation" value="true" />
        <entry key="D:\work\jobs-ehireplus-flow" value="true" />
        <entry key="D:\work\jobs-ehireplus-interview" value="true" />
        <entry key="D:\work\jobs-ehireplus-position" value="true" />
        <entry key="D:\work\jobs-ehireplus-system-settings" value="true" />
        <entry key="D:\work\jobs-ehireplus-talent" value="true" />
        <entry key="D:\work\nacos-config" value="true" />
        <entry key="D:\work\openresumecenter" value="true" />
        <entry key="D:\work\rms\evaluate-ms-notice" value="true" />
        <entry key="D:\work\rpo-business" value="true" />
        <entry key="D:\work\rpo-java" value="true" />
        <entry key="D:\work\rpo-new\rpo-auth" value="true" />
        <entry key="D:\work\rpo-new\rpo-business" value="true" />
        <entry key="D:\work\rpo-new\rpo-gateway" value="true" />
        <entry key="D:\work\rpo-new\rpo-search-engine" value="true" />
        <entry key="D:\work\searchEngine-Java" value="true" />
      </map>
    </option>
  </component>
  <component name="Trusted.Paths.Settings">
    <option name="TRUSTED_PATHS">
      <list>
        <option value="D:\work" />
        <option value="D:\github" />
      </list>
    </option>
  </component>
</application>