<application>
  <component name="DimensionService">
    <location key="find.popup.0.0.2560.1440" x="1044" y="127" />
    <size key="GridCell.Tab.0.left.0.0.2560.1440" width="2478" height="434" />
    <size key="GridCell.Tab.0.center.0.0.2560.1440" width="2478" height="434" />
    <size key="GridCell.Tab.0.right.0.0.2560.1440" width="2478" height="434" />
    <size key="GridCell.Tab.0.bottom.0.0.2560.1440" width="2478" height="434" />
    <size key="GridCell.Tab.1.left.0.0.2560.1440" width="2478" height="417" />
    <size key="GridCell.Tab.1.center.0.0.2560.1440" width="2478" height="417" />
    <size key="GridCell.Tab.1.right.0.0.2560.1440" width="2478" height="417" />
    <size key="GridCell.Tab.1.bottom.0.0.2560.1440" width="2478" height="417" />
    <size key="find.popup.0.0.2560.1440" width="639" height="576" />
  </component>
  <component name="WindowManager">
    <frame x="580" y="196" width="1400" height="1000" extendedState="6" />
  </component>
  <component name="WindowStateApplicationService">
    <state width="609" height="159" key="ShowUsagesActions.dimensionServiceKey" timestamp="1753929249972">
      <screen x="0" y="0" width="2560" height="1392" />
    </state>
    <state width="609" height="159" key="ShowUsagesActions.dimensionServiceKey/0.0.2560.1392/2560.0.2560.1392" timestamp="1753929249972" />
  </component>
</application>